<core:FragmentDefinition xmlns:core="sap.ui.core"
                        xmlns="sap.m">

  <Table id="idTable" items="{To_Orders}" itemPress="onItemPress" >
<headerToolbar>
    <Toolbar >
        <ToolbarSpacer ></ToolbarSpacer>
        <Button icon="sap-icon://filter" press="onFilter"></Button>
    </Toolbar>
</headerToolbar>

                        <columns>
                           <Column >
                              <header>
                              <Text text="Order ID" />
                              </header>
                           </Column>
                         </columns>
                           <columns>
                           <Column >
                              <header>
                              <Text text="Gross Amount" /></header>
                           </Column>
                         </columns>
                           <columns>
                           <Column minScreenWidth="Tablet">
                              <header>
                              <Text text="Tax Amount" /></header>
                           </Column>
                         </columns>
                           <columns>
                           <Column  minScreenWidth="Tablet" demandPopin="true">
                              <header>
                              <Text text="Currency"/></header>
                           </Column>
                         </columns>
                         <items>
                           <ColumnListItem type="Navigation" >
                             <cells>
                                <Text text="{SO_ID}-{SO_ITEM_POS}"></Text>
                                <Text text="{GROSS_AMOUNT}"></Text>
                                <Text text="{TAX_AMOUNT}"></Text>
                                <Input value="{CURRENCY_CODE}" showValueHelp="true" valueHelpRequest="onF4Help"></Input>
                             </cells>
                           </ColumnListItem>
                         </items>
                        </Table>
</core:FragmentDefinition>
